{
  "nombre":"John",
  "mascotas": [


    { "nombre": "Wifiless","imagen": "images/tama.jpg","salud": 5,"felicidad": 5,"hambre": 0,"suciedad": 0,
      "horasDeComida": [
      6,
      12,
      18
    ],"horasDeAseo": [
      6,
      12,
      18
    ],"horasDeAtencion": [
      6,
      12,
      18
    ], "horasDeMedicación": [
      6,
      12,
      18
    ],

      "mostrar":true,
      "estaLimpio": true,
      "estaMuerto": false,
      "estaAlimentado":true,
      "estaAcariciado":true,
      "estaCurado":true },





    {
      "nombre": "Cthulhu",
      "imagen": "images/cthulhu.png",
      "salud": 5,
      "felicidad": 5,
      "hambre": 0,
      "suciedad": 0,
      "horasDeComida": [
        6,
        12,
        18
      ],
      "horasDeMedicación": [
        6,
        12,
        18
      ],
      "horasDeAseo": [
        6,
        12,
        18
      ],
      "horasDeAtencion": [
        6,
        12,
        18
      ],
      "mostrar":false,
      "estaLimpio": true,
      "estaMuerto": false,
      "estaAlimentado":true,
      "estaAcariciado":true,
      "estaCurado":true
    }







  ]
}